id,audio_path,lyrics,language,label,title,category,lyrics_title,source
bn_audio_05bd11a0e73b,data/audio/01 - Miles - Piashi Mon (MyTuneBD.Com).mp3,"আমি চাঁদকে বলেছি আলো দিও
আমার প্রিয়ার ঘরে
সে যেন জাগে না রাত একেলা আধারে।।
সেই রাতে যদি বরষা ঝরে
সে যদি ঘুমায়।
বরষাকে তুমি কানে কানে বলো
সে যেন আর না ঝরে
আমার প্রিয়ার ঘরে।।
ঘমিয়ে সে যদি স্বপ্ন দেখে মধুর মধুর।
তন্দ্রা চোখে সে যেন শোনে
আমার এ গান সুরে সুরে
আমার প্রিয়ার ঘরে।।",bn,bn,Piashi Mon,আধুনিক,আমি চাঁদকে বলেছি আলো দিও,BanglaSongLyrics.csv
bn_audio_206ef4c9dea3,data/audio/01 - Sabaito Sukhi Hote.mp3,"না, না গো না,
                    কোরো না ভাবনা –
             যদি বা নিশি যায়   যাব না যাব না ॥
             যখনি চলে যাই   আসিব ব’লে যাই,
             আলোছায়ার পথে   করি আনাগোনা ॥
             দোলাতে দোলে মন   মিলনে বিরহে।
             বারে বারেই জানি   তুমি তো চির হে।
             ক্ষণিক আড়ালে   বারেক দাঁড়ালে
             মরি ভয়ে ভয়ে   পাব কি পাব না ॥",bn,bn,Sabaito Sukhi Hote,রবীন্দ্র সংগীত,"না, না গো না, কোরো না ভাবনা",BanglaSongLyrics.csv
bn_audio_74dbad8729ab,data/audio/01. Aha Aji E Boshanto.mp3,"আমার এ গান তুমি শুনবে জানি শুনবে
হয়ত বা আজ নয় আর কোন দিন
আমার কথা তুমি রাখবেই কথা রাখবেই
যদিও বা আজ নয় অন্য সেদিন।।
সপ্ত সুরের মাধুরী দিয়ে
রচেছি এ গান তোমায় নিয়ে।
এই প্রিয় গীতি এ মধুর স্মৃতি।
হারাবে না সে কখনো রবে চিরদিন
একা একা তুমি রইবে যখন
এ গান তোমার মনে পড়বে তখন।
ভীরু হৃদয়ের সন্ধিক্ষণে
মধু গুঞ্জন তুলবে প্রানে।
চোখে চোখ রেখে কাছে নিবো ডেকে।
প্রেমের আবেগে হবে স্বপ্ন রঙ্গিন।।",bn,bn,Aha Aji E Boshanto,ছায়াছবি,আমার এ গান তুমি শুনবে,BanglaSongLyrics.csv
bn_audio_56e7a0e184b5,data/audio/01. Bhoriya Paran Sunitechhi Gaan.mp3,"ও শিমুল বন দাও রাঙিয়ে মন।
কৃষ্ণচূড়া দোপাটি আর পলাশ দিল ডাক।
মধুর লোভে ভীড় জমালো মৌ পিয়াসী অলির ঝাক।।
কামরাঙা বউ মুখ ঢাকে লাল চেলিতে
চোখ গেল দেয় না তারে চোখ মেলিতে।
দেসনি গো লাজ তারে দোহাই কথা রাখ।
আজ সে দোসর খোঁজে ঘোমটা করে ফাঁক
ও তাই ঘোমটা করে ফাঁক।।
আজকে আমার মন হারাবার এলো কিসের লগ্ন গো
কিসের সাড়ায় কার ইশারায় স্বপ্নে আছি মগ্ন গো।
বউ কথা কও ঐ তো বাজায় শাক।
আবেশে করে শুধু হৃদয় ভরে থাক
হেসে প্রহর বয়ে যাক
কৃষ্ণচূড়া দোপাটি আর পলাশ দিল ডাক।।",bn,bn,Bhoriya Paran Sunitechhi Gaan,আধুনিক,ও শিমুল বন দাও রাঙিয়ে মন,BanglaSongLyrics.csv
bn_audio_7341aad9caa7,data/audio/02 - Khub Jante Echchhe Kore.mp3,"ধায় যেন মোর সকল ভালোবাসা
প্রভু, তোমার পানে, তোমার পানে, তোমার পানে।
যায় যেন মোর সকল গভীর আশা
প্রভু, তোমার কানে, তোমার কানে, তোমার কানে।
চিত্ত মম যখন যেথায় থাকে
সাড়া যেন দেয় সে তোমার ডাকে
যত বাধা সব টুটে যায় যেন
প্রভু, তোমার টানে, তোমার টানে, তোমার টানে।
বাহিরের এই ভিক্ষাভরা থালি
এবার যেন নি:শেষে হয় খালি
অন্তর মোর গোপনে যায় ভরে
প্রভু, তোমার দানে, তোমার দানে, তোমার দানে।
হে বন্ধু মোর, হে অন্তরতর
এ জীবনে যা-কিছু সুন্দর
সকলি আজ বেজে উঠুক সুরে
প্রভু, তোমার গানে, তোমার গানে, তোমার গানে।",bn,bn,Khub Jante Echchhe Kore,রবীন্দ্র সংগীত,ধায় যেন মোর সকল ভালোবাসা,BanglaSongLyrics.csv
bn_audio_c78166a4390b,data/audio/02 - Miles - Parina Bojhate (MyTuneBD.Com).mp3,"করিমানা কাম ছাড়ে না মদনে
প্রেম রসিক হব কেমনে আমি 
এই দেহেতে মদন রাজা করে কাচারি
কর আদায় করে নিয়ে যায় হুজুরি
মদন যে দুষ্টু ভারি তারে দেয় তহশিলদারি
করে সে মুন্সিগিরি গোপনে
চোর দিয়ে চোর ধরাধরি একি কারখানা
আমি তা জিজ্ঞাসিলে তুমি বল না
সাধু সব চুরি করে চোর দেখে পালায় ডরে
নিয়ে যায় শূন্য ভরে কোনখানে
লালন সাঁই যে বিনয় করে সিরাজ সাঁইর পায়
স্বামী মারিলে লাথি নালিশ করিবো কোথায়
তুমি মোর প্রাণ পতি কি দিয়ে রাখবো রতি
কেমনে হব সতী চরণে।",bn,bn,Parina Bojhate,বাউল,করিমানা কাম করে না,BanglaSongLyrics.csv
bn_audio_8c90f87029fa,data/audio/02. Bhorer Haoay Ele.mp3,"হরি, প্রেম-গগনে চির-রাকা।
চির-প্রসন্ন কি মাধুরী-মাখা! 
সুপ্ত জগতে, চির-জাগ্রত প্রহরী,
বরষিছ চির-করুণামৃত-লহরী;−
(মম) অন্ধ আঁখি, মোহে ঢাকা!
সাধু ভকত জন পিয়ে মকরন্দ,
এ হরি, মম মন-গতি অতি মন্দ;
উড়ে’ যেতে নাইক পাখা! 
(পূরবী) মিশ্র কাওয়ালী",bn,bn,Bhorer Haoay Ele,ভক্তিমূলক গান,"হরি, প্রেম-গগনে চির-রাকা।",BanglaSongLyrics.csv
bn_audio_a3b8299de253,data/audio/02. Sakhi Bohe Gelo.mp3,"দীপ জ্বেলে ওই তারা এ কি কথা বলে যায়
দূর হতে দূরে কেন আকাশ চলে যায় ?
কেন যে ওরা আমাকে শুধু ডাকে শুধু ডাকে ?
সময় নেই সময় নেই বলে মন কিছুক্ষণ,
রাত নিঝুম দাও না ঘুম, ঘুমাক না দু’নয়ন
ঘুম এলে সব ফেলে কাজ কেন ছুটি চায়  ?
কোথায় সুর কোথায় গান কি সে দেব সাড়া তার ?
কোন্ সেতার ছন্দে তার সাজায় গো উপহার ?
দিশাহারা ভালোবাসা সেই আলো কোথা পায় ?",bn,bn,Sakhi Bohe Gelo,ছায়াছবি,দীপ জ্বেলে ওই তারা এ কি কথা বলে যায়,BanglaSongLyrics.csv
bn_audio_40e46ef4e2bc,data/audio/03 - Coffee Houser Sei Addata.mp3,"আমি আর আমার দু’চোখ কখনো জলে ভেজাবো না
এ ব্যথা আমারই থাক, চাই না কারও সান্ত্বনা
পৃথিবী ভালবাসে না, ভালবাসতেও সে জানে না।
কান্নায় লাভ নেই, কান্নায় হবে না কোনদিন পদ্মা-মেঘনা
দিনের আলোয় শুকিয়ে যাবে সে
হবে না তো এক নদী যমুনা।
টেনে নিয়ে বুকের কাছে,
ছুঁড়ে দেয় ধূলোর মাঝে।
ভালবাসার নিয়ম মানি না
তাইতো অশ্রু এখন আসে না
দিও না, দিও না, সান্ত্বনা
কান্নায় লাভ নেই, কান্নায় হবে না………।।
ডুবেছিল মায়াজালে হৃদয়
সেই ক্ষত এখনো কথা কয়।
ভালবাসার নিয়ম মানি না
তাইতো অশ্রু এখন আসে না
দিও না, দিও না, সান্ত্বনা
কান্নায় লাভ নেই, কান্নায় হবে না………।।",bn,bn,Coffee Houser Sei Addata,ব্যান্ড,এক নদী যমুনা,BanglaSongLyrics.csv
bn_audio_d928def98ae0,data/audio/03 - Miles - Swapnil Ei Rate (MyTuneBD.Com).mp3,"খুজে তারে জনম জনম
আমার জগত চারিপাশ
পেলাম খোঁজে হৃদয় মাঝে
লুকিয়ে তাহার নিবাস।
লুকিয়ে ছিল চুপি চুপি দেয়নি কোন সাড়া
আজ একটু খানি অনুভবে আমি দিশেহারা।
সে না হয় থাকুক ভবে, হোক রয়ে অনুভবে
তার ছোয়া পেয়ে প্রাণে, হোক না প্রাণনাশ
খোজে তারে জনম জনম
আমার জগত চারিপাশ
পেলাম খোঁজে হৃদয় মাঝে
লুকিয়ে তাহার বাস।",bn,bn,Swapnil Ei Rate,বিবিধ,খুজে তারে জনম জনম,BanglaSongLyrics.csv
bn_audio_2d9a4cf18502,data/audio/03. Ami Tumar Preme.mp3,"নদীর ও পাড়ে
চক্ষু মেইলা দেখি, ভরা দুপুরে।
নদীর ও পাড়ে…
দেখি সখী চুল শুকায় তার নদীর এক পাড়ে,
হায়রে ভরা দুপুরে।
সূর্য সখীর রুপ দেখিয়া মুখ লুকায় মেঘে,
লজ্জায় ভরা দুপুরে।
নদীর ও পাড়ে…
দেখি সখির মুখের হাসি ঠোঁটের এক কোনে
হায়রে ভরা দুপুরে।
স্বপ্ন সখির হাত ধরিয়া ডুব মারে জলে
প্রেমের ভরা দুপুরে।
নদীর ও পাড়ে…",bn,bn,Ami Tumar Preme,ব্যান্ড,Nodi- Daknaam,BanglaSongLyrics.csv
bn_audio_efb0ebde17e0,data/audio/03. Mor Na Mitelo  Asha.mp3,"রংধনু চোখে চোখে,কথা বলি মুখে মুখে।
এখানে মনের কথা বলো না।
কথা হবে মনে মনে, তুমি আমি নিরজনে
যেখানে দিগন্তে, আকাশ আর মাটিতে
দেখা হবে পৃথিবীর প্রান্তে।
সেখানেই হবে যত কথা
এখানে রঙের খেলা,
এখানে শখের মেলা
এখানে মনের কথা বলো না।
এখানে হিসাব গোনা দেনা আর পাওনা
এখানে দেখা হয় কি পেলাম কি দিলাম
সে হিসাব মেটাবার জন্যে।
এখানেই নেই কোন কথা
এখানে সবাই একা
এখানে চোখের দেখা
এখানে মনের কথা বলো না।",bn,bn,Mor Na Mitelo Asha,ছায়াছবি,রংধনু চোখে চোখে,BanglaSongLyrics.csv
bn_audio_49ef0c21a7d1,data/audio/04 - Jani Tumar Premer Jugya.mp3,"প্রভু তোমা লাগি আঁখি জাগে
দেখা নাই পাই, পথ চাই
সেও মনে ভালো লাগে।
ধুলাতে বসিয়া দ্বারে
ভিখারি হৃদয় হা রে
তোমারি করুণা মাগে।
কৃপা নাই পাই, শুধু চাই
সেও মনে ভালো লাগে।
আজি এ জগত-মাঝে
কত সুখে কত কাজে
চলে গেল সবে আগে।
সাথী নাই পাই, তোমায় চাই,
সেও মনে ভালো লাগে।
চারি দিকে সুধাভরা
ব্যাকুল শ্যামল ধরা
কাঁদায় রে অনুরাগে।
দেখা নাই নাই, ব্যথা পাই,
সেও মনে ভালো লাগে।",bn,bn,Jani Tumar Premer Jugya,রবীন্দ্র সংগীত,প্রভু  তোমা লাগি আঁখি জাগে,BanglaSongLyrics.csv
bn_audio_e2717665e4be,data/audio/04 - Miles - Tumi Ki Sukhi (MyTuneBD.Com).mp3,"তোমার  সুরের ধারা ঝরে যেথায় তারি পারে
           দেবে কি গো বাসা আমায় একটি ধারে?।
           আমি     শুনব ধ্বনি কানে,
           আমি     ভরব ধ্বনি প্রাণে,
           সেই ধ্বনিতে চিত্তবীণায় তার বাঁধিব বারে বারে ॥
আমার    নীরব বেলা সেই তোমারি সুরে সুরে
           ফুলের ভিতর মধুর মতো উঠবে পুরে।
           আমার    দিন ফুরাবে যবে,
           যখন      রাত্রি আঁধার হবে,
           হৃদয়ে মোর গানের তারা উঠবে ফুটে সারে সারে ॥",bn,bn,Tumi Ki Sukhi,রবীন্দ্র সংগীত,তোমার সুরের ধারা ঝরে যেথায়,BanglaSongLyrics.csv
bn_audio_d6e1cf908048,data/audio/04. Era Sukher Lagi.mp3,"আলোকের এই ঝর্নাধারায় ধুইয়ে দাও।
             আপনাকে এই লুকিয়ে-রাখা ধুলার ঢাকা ধুইয়ে দাও॥
     যে জন   আমার মাঝে জড়িয়ে আছে ঘুমের জালে
     আজ     এই সকালে ধীরে ধীরে তার কপালে
     এই      অরুণ-আলোর সোনার-কাঠি ছুঁইয়ে দাও।
            বিশ্বহৃদয়-হতে-ধাওয়া  আলোয়-পাগল প্রভাত-হাওয়া,
             সেই হাওয়াতে হৃদয় আমার নুইয়ে দাও॥
     আজ     নিখিলের আনন্দধারায় ধুইয়ে দাও,
             মনের কোণের সব দীনতা মলিনতা ধুইয়ে দাও।
     আমার    পরান-বীণায় ঘুমিয়ে আছে অমৃতগান–
     তার     নাইকো বাণী, নাইকো ছন্দ, নাইকো তান।
     তারে    আনন্দের এই জাগরণী ছুঁইয়ে দাও।
            বিশ্বহৃদয়-হতে-ধাওয়া   প্রাণে-পাগল গানের হাওয়া,
            সেই হাওয়াতে হৃদয় আমার নুইয়ে দাও॥",bn,bn,Era Sukher Lagi,রবীন্দ্র সংগীত,আলোকের এই ঝর্নাধারায় ধুইয়ে দাও,BanglaSongLyrics.csv
bn_audio_94f07512e858,data/audio/04. Sedino Bolechhile.mp3,"নয় এ মধুর খেলা
তোমায় আমায় সারাজীবন সকাল-সন্ধ্যাবেলা নয় এ মধুর খেলা।।
কতবার যে নিবল বাতি, গর্জে এল ঝড়ের রাতি
সংসারের এই দোলায় দিলে সংশয়েরই ঠেলা।।
বারে বারে বাঁধ ভাঙিয়া বন্যা ছুটেছে।
দারুণ দিনে দিকে দিকে কান্না উঠেছে।
ওগো রুদ্র, দুঃখে সুখে   এই কথাটি বাজল বুকে
তোমার প্রেমে আঘাত আছে, নাইকো অবহেলা।।",bn,bn,Sedino Bolechhile,রবীন্দ্র সংগীত,নয় এ মধুর খেলা,BanglaSongLyrics.csv
bn_audio_a51d0895a043,data/audio/05 - Jadi Kagoje Likho Nam.mp3,"প্রতিদিন তোমায় দেখে সূর্য রাগে
প্রতিদিন তোমার কথা হৃদয়ে জাগে
ও আমার দেশ ও আমার বাংলাদেশ।।
নদীর ধারা আর পাখির গানে
নতুন স্বপ্নের ছবি আনে।
প্রতি প্রানে প্রেরণা শিহর লাগে।।
ফসল শোভায় আলোর তৃষা
নতুন ছন্দের দিল  দিশা।
প্রতি মনের চেতনার জোয়ার জাগে।।",bn,bn,Jadi Kagoje Likho Nam,দেশাত্মবোধক গান,প্রতিদিন তোমায় দেখে সূর্য রাগে,BanglaSongLyrics.csv
bn_audio_7228eb2de33f,data/audio/05 - Miles - Hello Dhaka (MyTuneBD.Com).mp3,"ভুবনেশ্বর হে
মোচন কর’ বন্ধন সব মোচন কর’ হে।।
প্রভু, মোচন কর’ ভয়, সব দৈন্য করহ লয়
নিত্য চকিত চঞ্চল চিত কর’ নিঃসংশয়।
তিমিররাত্রি, অন্ধ যাত্রী,
সম্মুখে তব দীপ্ত দীপ তুলিয়া ধর’ হে।।
ভুবনেশ্বর হে,
মোচন কর’ জড়বিষাদ মোচন কর’ হে।
প্রভু, তব প্রসন্ন মুখ
সব দুঃখ করুক সুখ
ধূলিপতিত দুর্বল চিত করহ জাগরূক।
তিমিররাত্রি, অন্ধ যাত্রী
সম্মুখে তব দীপ্ত দীপ তুলিয়া ধর’ হে।।
ভুবনেশ্বর হে,
মোচন কর’ স্বার্থপাশ মোচন কর’ হে।
প্রভু, বিরস বিকল প্রাণ
কর’ প্রেমসলিল দান
ক্ষতিপীড়িত শঙ্কিত চিত কর’ সম্পদবান।
তিমিররাত্রি, অন্ধ যাত্রী,
সম্মুখে তব দীপ্ত দীপ তুলিয়া ধর’ হে।।",bn,bn,Hello Dhaka,রবীন্দ্র সংগীত,ভুবনেশ্বর হে,BanglaSongLyrics.csv
bn_audio_36d8657711cc,data/audio/05. Katobar Bhebechhinu.mp3,"আমার না যদি থাকে সুর
তোমার আছে তুমি তা দেবে
তোমার গন্ধহারা ফুল
আমার কাছে সুরভি নেবে
এরই নাম প্রেম
জীবনে যা গৌরব হয়
মরণেও নেই পরাজয় ।।
চোখের স্মৃতির মণিদীপ
মনের আলোয় কভু কি নেভে
এরই নাম প্রেম ।।
দুজনেই দুজনাতে মুগ্ধ
দুজনের বুকে কত সুন্দর
দুজনার গীতালীর ছন্দে
তন্ময় দুজনার অন্তর
এর কাছে স্বর্গ-সুধার
বেশী আছে মূল্য কি আর
আমার দেবতা সেও তাই
প্রেমের কাঙাল পেয়েছি ভেবে
এরই নাম প্রেম",bn,bn,Katobar Bhebechhinu,আধুনিক,আমার না যদি থাকে সুর,BanglaSongLyrics.csv
bn_audio_318b6e37a226,data/audio/05. Rum Jhum Jhum.mp3,"এসো ওয়াদা করি
তুমি আমি দু’জনে
ভালোবাসা জেগে রবে দুটি জীবনে ।।
নয়নে তোমার ছবি মনে বাসনা
প্রেমলতা হয়ে হায় জড়িয়ে রাখো না
আকাশে তারা যতদিন থাকবে
ততদিন আমায় মনে রাখবে
দু’চোখে তারা হয়ে তুমি জ্বলবে
পৃথিবীটা যতদিন থাকবে
বন্ধু তুমি সাথী তুমি
জনমে জনমে মিশে রবো দু’জনে
জীবনে মরণ আসে স্মৃতি জেগে রয়
ইতিহাস হয়ে প্রেম কথা কয়
ফুল ফোটে ঝরে যায় আবার হাসে
চিরদিন তুমি রবে পাশে
তুমি আমার আমি তোমার
জীবনে মরণে ওগো রেখো স্মরণে",bn,bn,Rum Jhum Jhum,ছায়াছবি,এসো ওয়াদা করি তুমি আমি দুজনে,BanglaSongLyrics.csv
bn_audio_dda3660755a5,data/audio/06 - Ka'Phoonta Chukher Jal.mp3,"সন্ধ্যার ও ছায়া নামে এলো মেলো হাওয়া,
ভালো লাগে জীবনের এই গান গাওয়া।
সন্ধ্যার ও ছায়া নামে এলো মেলো হাওয়া,
একটি দুটি তারা জ্বলে আকাশের ও কোলে,
ভিরু ভিরু চোখে কোন স্বপ্ন যে দোলে।
একটি দুটি তারা জ্বলে আকাশের ও কোলে,
ভিরু ভিরু চোখে কোন স্বপ্ন যে দোলে। 
সাত রঙ্গা সেই রঙে মন হলে চাওয়া,
এই মন কখন ও কি যায় ফিরে পাওয়া।
সন্ধ্যার ও ছায়া নামে এলো মেলো হাওয়া,
ভালো লাগে জীবনের এই গান গাওয়া।
সন্ধ্যার ও ছায়া নামে এলো মেলো হাওয়া,
আধারের ও শেষে যানি আছে শুধু আলো,
অচেনাকে চিনে নিতে তাই লাগে ভালো।
 আধারের ও শেষে যানি আছে শুধু আলো,
অচেনাকে চিনে নিতে তাই লাগে ভালো। 
সে চেনায় হয় যদি আরো কিছু পাওয়া,
এ মনের সাধ্য কি আর পিছু ফিরে যাওয়া। 
সন্ধ্যার ও ছায়া নামে এলো মেলো হাওয়া,
ভালো লাগে জীবনের এই গান গাওয়া।
সন্ধ্যার ও ছায়া নামে এলো মেলো হাওয়া,",bn,bn,Ka'Phoonta Chukher Jal,ছায়াছবি,"সন্ধ্যার ও ছায়া নামে,",BanglaSongLyrics.csv
bn_audio_0caa7471b670,data/audio/06 - Miles - Priotoma (MyTuneBD.Com).mp3,"ওরে আমার সাধের বীণা,
ওরে আমার সাধের গান।।
তোর ওই কোমল সুরে ব্যথা ঝরে
আকুল করে আমার প্রাণ।।
ও তোর শত তানে একই কথা
শত লয়ে একই ব্যথা
শুধু নিরাশার কাতরতা
হতাশার অপমান।
পার যদি জাগো বীণা
ধরো আরও উচ্চতান
গাইব আমি নূতন গানে
নূতন প্রাণে কম্পমান।
যখন বীণার সুরে গলা সেধে
গাইতে যাই রে ফেলি কেঁদে
শুধু) মিশে যায় সে মনের খেদে
আঁখির জলে অবসান;
কোথায় আনন্দেতে উঠব নেচে
মরা মানুষ উঠবে বেঁচে
আমি পাই না সুধাসাগর ছেঁচে
ভাগ্যে শুধুই বিষপান!
পার যদি জাগো বীণা
ধরো আরও উচ্চতান
গাইব আমি নূতন গানে
নূতন প্রাণে কম্পমান।
বীণা পার যদি জাগো তবে
বেজে ওঠো উচ্চরবে
আজ নূতন সুরে গাইতে হবে
আমি সঙ্গে ধরি তান
ছেড়ে লোকলজ্জা, সমাজ-ভয়
যাতে, সবাই আবার মানুষ হয়
এমনি গাইতে পারি দয়াময়
কর এই বরদান।
পার যদি জাগো বীণা
ধরো আরও উচ্চতান
গাইব আমি নূতন গানে
নূতন প্রাণে কম্পমান।",bn,bn,Priotoma,বিবিধ,ওরে আমার সাধের বীণা,BanglaSongLyrics.csv
bn_audio_422a9ee83a39,data/audio/06. Amar Hiar Majhe.mp3,"সবাই বল মা
মায়ের দাম কী হয়
পৃথিবীতে মায়ের নেই তুলনা
মাগো তোমার নেই তুলনা
প্রতিরাতে আদর করে ঘুম পারায় কে
কচি মুখে চুমু খেয়ে ঘুম ভাঙ্গায় কে।
সেই মায়েরই বড় হয়ে ভুলে যেয়ো না
না না না ………।।
রুগ্ন শিশুর পাশে বসে প্রহর গুনে কে
ভাল মন্দ কিছু হলে আগে জানে কে।
সে মায়েরই ভুলেও কভু দুঃখ দিও না
না না না……….।।",bn,bn,Amar Hiar Majhe,ছায়াছবি,সবাই বল মা,BanglaSongLyrics.csv
bn_audio_704c9fcb2a18,data/audio/06. Gother Raakhal Bole De.mp3,"বর্ষা আমার চোখের প্রিয় ঋতু
তাইতো সদাই তোমায় ঘিরে
হচ্ছি আমি ভীতু
কষ্ট আমার ভালোবাসার কাঁথা
না হলে কি তোমায় চেয়ে
পেতাম শুধু ব্যথা
ইচ্ছে করলে নিতে পারো
আমার দেয়া নাম
এর বদলে নাইবা দিলে
ভালোবাসার দাম।
মেঘে মেঘে কাটলো যখন বেলা
তখন দেখি চারিদিকে
তোমার অবহেলা
সূর্য যখন কপাল জুড়ে টিপ
ভালোবাসা বন্দী শিবির
দূরের নিঝুম দ্বীপ।
ছোট্ট জীবন যখন ছিল বিশাল
তুমি সে তো ভেঙেছিলে
আমার মনের দেয়াল
হৃদয় যখন হারায় সুখের বলয়
চাওয়া পাওয়ার হিসেব কষা
শুধুই ব্যর্থ সময়।",bn,bn,Gother Raakhal Bole De,ব্যান্ড,বর্ষা আমার চোখের প্রিয় ঋতু,BanglaSongLyrics.csv
bn_audio_4b16e59b6d9c,data/audio/07 - Katodin Dekheni Tumai.mp3,"যদি সুন্দর একটা মুখ পাইতাম
যদি সুন্দর একটা মন পাইতাম
সদর ঘাটের পানের খিলি তারে
বানাই খাবাইতাম।।
এক দিন তারে কাছে পেলে
রসের পিড়িত শিখাইতাম
আমি রসের পিড়িত শিখাইতাম
সদর ঘাটের পানের খিলি তারে
বানাই খাওয়াইতাম।
নতুন মুখের নতুন কথা শুনিতে সুন্দর
মাঝে মাঝে পান চিবাইত হাসিরও ভিতর।
প্রেমের মালা দুটি হাতে তারই গলায় পরাইতাম
আমি তারই গলায় পরাইতাম
সদর ঘাটের পানের খিলি তারে বানাই খাওয়াইতাম।
রসের কথা রসের পিড়িত যদি সে না জানে
দু’ চার কথা কইতাম তারে প্রেমের কারণে।
নর-নারীর সাধের পিড়িত
নর-নারীর রসের পিড়িত কি মজা তারে বুঝাইতাম
আমি কি মজা তারে শিখাইতাম
সদর ঘাটের পানের খিলি তারে বানাই খাওয়াইতাম।।",bn,bn,Katodin Dekheni Tumai,ছায়াছবি,যদি সুন্দর একটা মুখ পাইতাম,BanglaSongLyrics.csv
bn_audio_0167d4a10ec5,data/audio/07 - Miles - Bismoy Jatra (MyTuneBD.Com).mp3,"আজ আকাশের মনের কথা ঝরো ঝরো বাজে
সারা প্রহর আমার বুকের মাঝে।।
দিঘির কালো জলের ‘পরে   মেঘের ছায়া ঘনিয়ে ধরে,
বাতাস বহে যুগান্তরের প্রাচীন বেদনা যে
সারা প্রহর আমার বুকের মাঝে।।
আঁধার বাতায়নে
একলা আমার কানাকানি ওই আকাশের সনে।
ম্লানস্মৃতির বাণী যত  পল্লবমর্মরের মতো
সজল সুরে ওঠে জেগে ঝিল্লিমুখর সাঁঝে
সারা প্রহর আমার বুকের মাঝে।।",bn,bn,Bismoy Jatra,রবীন্দ্র সংগীত,আজ আকাশের মনের কথা ঝরো ঝরো বাজে,BanglaSongLyrics.csv
bn_audio_4372f9fcb04f,data/audio/07. Bulbuli Nirob Nargis.mp3,"বসে আছি হে কবে শুনিব তোমার বাণী।
কবে বাহির হইব জগতে মম জীবন ধন্য মানি।।
কবে প্রাণ জাগিবে, তব প্রেম গাহিবে
দ্বারে দ্বারে ফিরি সবার হৃদয় চাহিবে
নরনারীমন করিয়া হরণ চরণে দিবে আনি।।
কেহ শুনে না গান, জাগে না প্রাণ
বিফলে গীত-অবসান
তোমার বচন করিব রচন সাধ্য নাহি নাহি।
তুমি না কহিলে কেমনে কব প্রবল অজেয় বাণী তব
তুমি যা বলিবে তাই বলিব– আমি কিছুই না জানি।
তব নামে আমি সবারে ডাকিব, হৃদয়ে লইব টানি।।",bn,bn,Bulbuli Nirob Nargis,রবীন্দ্র সংগীত,বসে আছি হে কবে শুনিব তোমার বাণী,BanglaSongLyrics.csv
bn_audio_c85e14c1e623,data/audio/07. Madhur Bashanto.mp3,"স্বাদের লাউ বানাইলো মোরে বৈরাগী
স্বাদের লাউ বানাইলো মোরে বৈরাগী।
লাউয়ের আগা খাইলাম ডুগা খাইলাম, আগা খাইলাম রে
লাউয়ের আগা খাইলাম ডুগা গো খাইলাম
লাউ দিয়া খাই তরকারি
আমি লাউ দিয়া বানাই কি বানাই, কি বানাই ডুগডুগি।।
আমি গয়া যাব কাশি যাব, গয়া যাব রে।
সঙ্গে নেই মোর,
আমি গয়া যাব কাশি যাব।
সঙ্গে নেই মোর বৈষ্ণবী,
আরে সঙ্গে নেই মোর বৈষ্ণবী।।
কাউ কাটিয়া কুনবা করলাম সার
দুই মোড়া দুই বাঁশের কঞ্চি, মধ্যে ত্তলার দার",bn,bn,Madhur Bashanto,পপ সঙ্গীত,স্বাদের লাউ বানাইলো মোরে বৈরাগী,BanglaSongLyrics.csv
bn_audio_3b2c2aab0b15,data/audio/08 - Ei To Sedin Tumi.mp3,"নীচুর কাছে নীচু হতে শিখলি না রে মন,
তুই সুখি জনের করিস পূজা, দুঃখীর অযতন
মূঢ় মন, সুখি জনের করিস পূজা, দুঃখীর অযতন।।
লাগে নি যার পায়ে ধুলি, কি নিবি তার চরণ ধুলি,
নয়রে সোনায়, বনের কাঠেই হয় রে চন্দন।। 
প্রেমধন মায়ের মতন, দুখ কি সুতেই অধিক যতন,
এ ধনেতে ধনি যে জন, সেই তো মহাজন।
মূঢ় মন, সেই তো মহাজন।। 
বৃথা তোর কৃচ্ছসাধন, সেবাই নরের শ্রেষ্ঠ সাধন,
মানবের পরম তীর্থ দীনের শ্রীচরণ।
মূঢ় মন, দীনের শ্রীচরণ। 
মতামতের তর্কে মত্ত, আছিস ভুলে পরম সত্য,
সকল ঘরে সকল নরে আছেন নারায়ণ
মূঢ় মন, আছেন নারায়ণ
নীচুর কাছে নীচু হতে শিখলি না রে মন।।",bn,bn,Ei To Sedin Tumi,ভক্তিমূলক গান,নীচুর কাছে নীচু হতে শিখলি না রে মন,BanglaSongLyrics.csv
bn_audio_6da3e766ff65,data/audio/08 - Miles - Sesh Thikana (MyTuneBD.Com).mp3,"এনেছি আমার শত জনমের প্রেম আঁখিজলে গাঁথা মালা ;
ওগো সুদূরিকা, আজো কি হবে না শেষ তোমারে চাওয়ার পালা।।
স্বপনে আমার সাথীহারা রাতে, পেয়েছি তোমায় পলকে হারাতে
তোমারে খুঁজিতে যে দীপ জ্বেলেছি হায় বিফলে সে দীপ জ্বালা।।
মনে মনে তবু স্বপন বাসর গড়ি, এনেছি হৃদয় মিলনের গানে ভরি। 
দূরে আছ তুমি তবু দূরে নহ, স্মরণ সুধায় ভরেছ তো বিরহ
প্রেম যেন তব সুদূর গগন হতে, চাঁদের জোছনা ঢালা।।",bn,bn,Sesh Thikana,আধুনিক,এনেছি আমার শত জনমের প্রেম,BanglaSongLyrics.csv
bn_audio_baa3b51eca36,data/audio/08. Ogo Dekona.mp3,"ও গো চাঁদ তুমি কি জান না
সে যে আজ নাম ধরে ডাকলে
অনুরাগ জড়ানো চোখে
এই নীল জোছনায় কাছে আসবে।।
যে ছিল কাছে মোর চিনিনি তো
মনের মানুষ সে বুঝিনি তো
আধারের বেড়াজাল গেছে ভেঙ্গে
আলোরই পরশে উঠেছে রেঙ্গে, উঠেছে রেঙ্গে
প্রথম আমায় সে যে ভালবাসবে।।
জীবনে মধুরাত এলো আমার
আমি তো খুলেছি মনেরই দুয়ার
অধরের কথা আজ ঝরে গানে
আমি তো রয়েছি তারই প্রাণে, তারই প্রাণে
আমার হয়ে সে যে পাশে থাকবে।।",bn,bn,Ogo Dekona,ছায়াছবি,ওগো চাঁদ তুমি কি জান না,BanglaSongLyrics.csv
bn_audio_fc7909bbf8da,data/audio/08. PathoHara Pakhi.mp3,"হে আল্লাহ, হে আল্লাহ রে
এতো সুন্দর দুনিয়ায়
কিছুই রবে না গো
হে আল্লাহ হে আল্লাহ রে।
টাকা ঘর বাড়ি গাড়ি।
টাকা বল ধন বল
বাড়ি বল গাড়ি বল
সব যাবে হাওয়ায় উড়ে
ইস্রাফিলের শিঙ্গা শুনে
হে আল্লাহ হে আল্লাহ রে।।
প্রেম প্রীতি ভালবাসা।
প্রেম প্রীতি ভালবাসা
এ যে শুধু মিছে আশা
দুদিনের খেলাঘর
সব যাবে ভেঙ্গে চুরে
হে আল্লাহ হে আল্লাহ রে।।",bn,bn,PathoHara Pakhi,পপ সঙ্গীত,এতো সুন্দর দুনিয়ায় কিছুই রবে না গো,BanglaSongLyrics.csv
bn_audio_8469416d2156,data/audio/09 - Miles - Michhe Asha (MyTuneBD.Com).mp3,"যদি ভাব এ তো খেলা নয়
ভুল সে তো শুরুতেই।
না ফুটিতেই কুল যদি ঝরে যায়
কাঁদ শ্রাবণের কাঁদনে।।
যদি শোনো হাওয়ায় কথা বলে
কে জানে সে কার অভিমান।
না জ্বলিতে দীপ যদি নেভে যায়
শুরুতেই হোক অবসান।।
যদি দেখ নীড় ভেঙে দিতে
আকাশেও আসে ঝড়।
মনে করো কোনো বালুচরে তুমি
বেঁধেছিলে এই খেলাঘর।।",bn,bn,Michhe Asha,ছায়াছবি,যদি ভাব এ তো খেলা নয়,BanglaSongLyrics.csv
bn_audio_ac22c381dd47,data/audio/09 - Se Amar Chooto Boon.mp3,"যেদিন খুশির কান্না ভেজাবে এই
চিবুক
তোমায় নিমন্ত্রণ, আমার
সাথে কাটিও কিছুক্ষন
যেদিন হাসির ছটায় ভরবে আমার
বুক
বাঁধনহারা সুখ, বিলিয়ে দেব
ভরিয়ে তোমার মন।
বাধার অরন্যে, স্থরিবতায়
কতকাল কেটে যায়
তবুযে স্বপ্নে ছবি আঁকা
এখন মনে আমার অনন্ত করুন সুর,
থেকো বহুদূর
দুঃখের অশ্রু ঝরুক আমার একা
এখন ঝড়ে কাঁপছে আমার ঘর,
আপন কি পর
হাসলে সকাল আবার হবে দেখা
যেদিন স্রোতস্বীনির অকাল
স্বর্গবাস
আর ব-দ্বীপের উপবাস, লজ্জায়
আমি রব অন্তঃপুরে
যেদিন বর্শাঘাতে বিলীন
পঙ্কিলতার গ্লানি
যদিও মন অভিমানী
ভিজবো তোমার সাথে উদ্দীপনায়
পুড়ে
যেদিন বিজয় গর্বে ভাসবে আমার
দেশ
মাতাল পরিবেশ
প্রথম প্রহরে জানাবো সুপ্রভাত
সেদিন জয়ের মিছিল
ছুটবে ধেয়ে বেগে
থাকব সবার আগে
রাখবো আমি তোমার হাতে হাত",bn,bn,Se Amar Chooto Boon,ব্যান্ড,যেদিন,BanglaSongLyrics.csv
bn_audio_df7011319996,data/audio/09. Amar Nayan.mp3,"এ পথে আমি যে গেছি বার বার,
ভুলি নি তো এক দিনও।
আজ কি ঘুচিল চিহ্ন তাহার,
উঠিল বনের তৃণ।।
তবু মনে মনে জানি নাই ভয়,
অনুকূল বায়ু সহসা যে বয়–
চিনিব তোমায় আসিবে সময়,
তুমি যে আমায় চিন।।
একেলা যেতাম যে প্রদীপ হাতে
নিবেছে তাহার শিখা।
তবু জানি মনে তারার ভাষাতে
ঠিকানা রয়েছে লিখা।
পথের ধারেতে ফুটিল যে ফুল জানি
জানি তারা ভেঙে দেবে ভুল–
গন্ধে তাদের গোপন মৃদুল সঙ্কেত আছে লীন।।",bn,bn,Amar Nayan,রবীন্দ্র সংগীত,এ পথে আমি যে গেছি বার বার,BanglaSongLyrics.csv
bn_audio_28fff41e4cfb,data/audio/09. Basata Mukhar Aaji.mp3,"শুন লো শুন লো বালিকা,  রাখ কুসুমমালিকা,
কুঞ্জ কুঞ্জ ফেরনু সখি, শ্যামচন্দ্র নাহি রে ॥
দুলই কুসুমমুঞ্জরি, ভমর ফিরই গুঞ্জরি,
অলস যমুন বহয়ি যায় ললিত গীত গাহি রে ॥
শশিসনাথ যামিনী, বিরহবিধুর কামিনী,
কুসুমহার ভইল ভার হৃদয় তার দাহিছে।
অধর উঠই কাঁপিয়া  সখিকরে কর আপিয়া–
কুঞ্জভবনে পাপিয়া কাহে গীত গাহিছে ॥
মৃদু সমীর সঞ্চলে  হরয়ি শিথিল অঞ্চলে
বালিহৃদয় চঞ্চলে কাননপথ চাহি রে ।
কুঞ্জ-পানে হেরিয়া অশ্রুবারি ডারিয়া
ভানু গায়– শূন্যকুঞ্জ, শ্যামচন্দ্র নাহি রে ॥",bn,bn,Basata Mukhar Aaji,রবীন্দ্র সংগীত,শুন লো শুন লো বালিকা,BanglaSongLyrics.csv
bn_audio_309fc9b8b5d0,data/audio/10 - Ei Kule Ami.mp3,"পুরানো সেই দিনের কথা ভুলবি কি রে হায়।
ও সেই চোখের দেখা, প্রাণের কথা, সে কি ভোলা যায়।
আয় আর-একটিবার আয় রে সখা, প্রাণের মাঝে আয়।
মোরা সুখের দুখের কথা কব, প্রাণ জুড়াবে তায়।
মোরা ভোরের বেলা ফুল তুলেছি, দুলেছি দোলায়–
বাজিয়ে বাঁশি গান গেয়েছি বকুলের তলায়।
হায় মাঝে হল ছাড়াছাড়ি, গেলেম কে কোথায়–
আবার দেখা যদি হল, সখা, প্রাণের মাঝে আয়।।",bn,bn,Ei Kule Ami,ব্যান্ড,পুরানো সেই দিনের কথা,BanglaSongLyrics.csv
bn_audio_550425306afb,data/audio/10 - Miles - Nirobe Kichu Khon (MyTuneBD.Com).mp3,"এ হৃদয় কাননে প্রতিদিন যে ভোরে
কত ফুল ফোটে আর যায় ঝরে
শুধু থাকি বসে, এলো সে মেয়েটি
কুড়াতে ফুলেদের আচলে, নাম জানতে
বললো সে ফুলের নামে ডেকো 
শোনো শোনো মেয়ে থাকো না কিছুক্ষণ
ঝরা ফুল দেবো, তার সাথে দেবো মন
 অজানায় প্রভাতে ভৈরবীর সুরেতে
ভেঙ্গেছ দুচোখ মন জুড়ে
ফাগুনের হওয়াতে দুলেছি সব ভুলে
তোমার ওই নূপুরের সুখ ছন্দে
তুলেই ঝড় যেও না দিয়ে মরণ 
শোনো শোনো মেয়ে থাকো না কিছুক্ষণ
ঝরা ফুল দেবো, তার সাথে দেবো মন",bn,bn,Nirobe Kichu Khon,ব্যান্ড,এ হৃদয় কাননে,BanglaSongLyrics.csv
bn_audio_5c749b953d79,data/audio/10. Badhu Koon Aloo.mp3,"দুঃখ আমার, আমার বাসর রাতের পালঙ্ক
নিন্দা আমার প্রেম উপহার।
সাত নদী হার কলঙ্ক।।
শাষণ বেড়ী দুই পায়ে মল পড়েছি
আর আপবাদে কালি আছে
দুই চোখে তাই পড়েছি।
মরমের আগুন এখন দ্বিগুন আমার।
দিবস রাতি নিঃসঙ্গ।।
সুখের সাথে ঘর করা তাই হল না
এই বুকেতে থাকা কাঁটাটাকে
পর করা তাই হল না।
কপালের লিখন এখন বসন হয়ে
জড়িয়ে আছে অঙ্গ।।",bn,bn,Badhu Koon Aloo,ছায়াছবি,"দুঃখ আমার, আমার বাসর রাতের পালঙ্ক",BanglaSongLyrics.csv
bn_audio_7486521e134b,data/audio/10. Gagane Krishina megh Doly.mp3,"কোন একদিন যদি চলে যাই
তারাদের চেয়েও আরো দূরে
ভেবোনা মিছে সেদিন তুমি
খুঁজে দেখো আছি আমি
চেনা কোন গানের সুরে………।।
বাকী গানের কথা আসছে……",bn,bn,Gagane Krishina megh Doly,আধুনিক,কোন একদিন,BanglaSongLyrics.csv
bn_audio_1086a603720c,data/audio/11 - Dweep Chhilo Shikha Chhilo.mp3,"ধুপছায়া গোধূলি এই বেলায়, তুমি কাছে এসো
সুখ ছোঁয়া রূপসী এই রাতে তুমি ভালবেসো
তুমি ভালবেসো, শুধু আমাকেই
হৃদয়ে ধরে রেখো।
মেঘ এসে যদি কোনোদিনও এ মন ছুঁয়ে ছুঁয়ে যায়
ঝড় এসে যদি কোনোদিনও হৃদয় ভেঙ্গে দিয়ে যায়
প্রেমেরি অরণ্যে ব্যাকুল তুমি কোনোদিনও ভুলে যেও না
তুমি ভালবেসো, শুধু আমাকেই
হৃদয়ে ধরে রেখো।
ধুপছায়া গোধূলি এই বেলায়, তুমি কাছে এসো
বিষাদে যদি কোনোদিনও এ মন কাঁদে বেদনায়
বিরহ যদি উঁকি দেয় মনে দিন কাটে নিরাশায়
পিয়ানোর সুর আমারিতা কোনোদিনও ভুলে যেও না
তুমি ভালবেসো, শুধু আমাকেই
হৃদয়ে ধরে রেখো।
ধুপছায়া গোধূলি এই বেলায়, তুমি কাছে এসো
সুখ ছোঁয়া রূপসী এই রাতে তুমি ভালবেসো
তুমি ভালবেসো, শুধু আমাকেই
হৃদয়ে ধরে রেখো",bn,bn,Dweep Chhilo Shikha Chhilo,ব্যান্ড,ধুপছায়া,BanglaSongLyrics.csv
bn_audio_f42bd0b4e9a1,data/audio/11 - Miles - Polashir Prantor (MyTuneBD.Com).mp3,"এতে নেই কোনো বিস্ময়
যার যত বেশী প্রচারণা
তারই এখন জয়।।
সততা, নিষ্টা, কিসের দেশপ্রীতি
তিলকে যদি তাল না দেখাই
চলে না রাজনীতি
একবার এসো গো সখা মনের দুয়ার খুলি।
রাজনীতির এই কলা-কৌশল
কেমন করে মুখে বলি।
ব্যানারে, ব্যানারে, ফেস্টুনে আকাশ গেছে টুটি
চাটুকার আর সুবিধাবাদীর বেড়ে গেছে ছোটাছুটি।
মিনিটে মিনিটে চোখ ধাঁধা লাগে
ফ্ল্যাশের ঝলকানি
শ্লোগানে শ্লোগানে মুখরিত ধ্বনি-প্রতিধ্বনি।
খিচুরী আর শুকনো রুটি চলছে বিতরণ
টিভি ক্যামেরায় বন্দী হলো সকল আয়োজন
এ কোন উৎসবও নয়, পার্টিও নয়, নয় কোনো সম্ভাষণ
এ যে দুর্গতদের পাশে মোরা আছি
তারই করুণ নিদর্শন (হ্যাঁ, হ্যাঁ)।।
ছোটখাট কোনো ছুঁত পেলে তুলি প্রতিবাদের ঝড়,
সব আক্রোশ যেন সেই জনতার উপর।
বিনে কারণে রাস্তার ধারে
ভাঙছি দোকান-গাড়ি
রোড ডিভাইডারের রড তুলে নিয়ে
দেখাচ্ছি বাহাদুরি
কাটা রাইফেল, ককটেলের চলছে প্রদর্শন
দিশাহারা হয়ে ছোটাছুটি করে নিরীহ জনগণ
এ কোনো যুদ্ধও নয়,
সন্ত্রাসও নয়, নয় কোনো আন্দোলন।
এ যে কার কত ক্ষমতা আছে
তারই করুণ নিদর্শন
একবার এসো গো সখা মনের দুয়ার খুলি।
রাজনীতির এই কলা-কৌশল
কেমন করে মুখে বলি।",bn,bn,Polashir Prantor,জীবনমুখী গান,প্রচারণা,BanglaSongLyrics.csv
bn_audio_8e11d83cfffa,data/audio/11. Bhor Holo Dor.mp3,"আমারে করো তোমার বীণা
লহো গো লহো তুলে।
উঠিবে আজি তন্ত্রীরাজি মোহন অঙ্গুলে।।
কোমল তব কমলকরে
পরশ করো পরান-‘পরে
উঠিবে হিয়া গুঞ্জরিয়া তব শ্রবণমূলে।।
কখনো সুখে কখনো দুখে
কাঁদিবে চাহি তোমার মুখে
চরণে পড়ি রবে নীরবে রহিবে যবে ভুলে।
কেহ না জানে কী নব তানে
উঠিবে গীত শূন্য-পানে
আনন্দের বারতা যাবে অনন্তের কূলে।।",bn,bn,Bhor Holo Dor,রবীন্দ্র সংগীত,আমারে করো তোমার বীণা,BanglaSongLyrics.csv
bn_audio_2ee5b4482ad6,data/audio/11. Dakbona Dakbona.mp3,"জীবনের নাম যদি রাখা হয় ভুল।।
স্মৃতির নাম তবে বেদনার ফুল
ভুল সবই ভুল।।
জীবনের নাম যদি রাখা হয় ভুল।।
স্মৃতির নাম তবে বেদনার ফুল
ভুল সবই ভুল।।
যা কিছু পেয়েছি আমি,
তা আমার নয়।।
চিঠি যেন এসে গেছে,
ভুল ঠিকানায়
খুঁজে পাওয়া যাবে না তো
হারালো যে কূল
ভুল সবই ভুল
জীবনের নাম যদি রাখা হয় ভুল
স্মৃতির নাম তবে বেদনার ফুল
ভুল সবই ভুল।।
পাবে না তো খুঁজে কেউ
আমার খবর
মনের অনেক নিচে
দিয়েছি কবর
যদি কেউ আসে তবে
বোলো আমি নেই।।
চোখে জল আসবে
মনে পড়লেই
ফুটেছে আমার বুকে
ব্যথার বকুল
ভুল সবই ভুল
জীবনের নাম যদি রাখা হয় ভুল।।
স্মৃতির নাম তবে বেদনার ফুল
ভুল সবই ভুল।।",bn,bn,Dakbona Dakbona,ছায়াছবি,জীবনের নাম যদি রাখা হয় ভুল,BanglaSongLyrics.csv
bn_audio_df652b2a63c1,data/audio/12 - Miles - Anamika (MyTuneBD.Com).mp3,"চুপি চুপি কিছু কথা বলে যদি ভালবাসা স্বপ্ন আসে
দুটি চোখের দুটি তারা মিটি মিটি জ্বলে যদি চাঁদ যে হাসে
এই চোখের দুটি তারায় শুধু তুমি যে তুমি,,,,,,,,,প্রেমি, প্রেমি প্রেমি
একটু কাছে থাকায়,
একটু চোখের দেখায়
এই মনে জাগে আরো কতো যে আশা,
তুমি যে স্বাথী আমার
আমি যে প্রেমি তোমার
বলোনা বুঝবে কবে এই ভালবাসা।
কাছে থেকেও বুঝোনা হায় কেন যে শূন্য শূন্য মন
মনে মনে দিন গুনে যায় জানি না চিনবে কি কখোন…… প্রেমি, প্রেমি প্রেমি
আমি সেই ময়না পাখি, বুঝনি আজো তা কি
যখনি দুরে থাকো এই মনে শ্রাবন
তোমারি মনের আকাশ দিল সকালের আভাস
কবে সেই প্রেমের আলো পাবে এ জীবন
বুঝিনা হায় কেনো তোমার এতো যে অন্য অন্য মন
জেগে থাকি রাতে একা লাগে যে শূন্য এ ভুবন,….. প্রেমি, প্রেমি প্রেমি",bn,bn,Anamika,ছায়াছবি,চুপি চুপি কিছু কথা,BanglaSongLyrics.csv
bn_audio_6ce705fe8ed1,data/audio/12 - Tumi Nijer Mukhe.mp3,"বল তো এইবারের মতো
প্রভু, তোমার আঙিনাতে তুলি আমার ফসল যত ॥
কিছু-বা ফল গেছে ঝরে,     কিছু-বা ফল আছে ধরে,
               বছর হয়ে এল গত–
রোদের দিনে ছায়ায় বসে      বাজায় বাঁশি রাখাল যত ॥
               হুকুম তুমি কর যদি
চৈত্র-হাওয়ায় পাল তুলে দিই–  ওই-যে মেতে ওঠে নদী।
পার ক’রে নিই ভরা তরী,    মাঠের যা কাজ সারা করি,
               ঘরের কাজে হই গো রত–
এবার আমার মাথার বোঝা    পায়ে তোমার করি নত ॥
রাগ: ইমন
তাল: কাহারবা
রচনাকাল (বঙ্গাব্দ): 1320
রচনাকাল (খৃষ্টাব্দ): 1914
রচনাস্থান: শান্তিনিকেতন",bn,bn,Tumi Nijer Mukhe,রবীন্দ্র সংগীত,বল তো এইবারের মতো,BanglaSongLyrics.csv
bn_audio_2b02123df8dc,data/audio/12. Ekhono Otheni Chand.mp3,"আমার যে দিন ভেসে গেছে চোখের জলে
তারি ছায়া পড়েছে শ্রাবণগগনতলে।।
সে দিন যে রাগিণী গেছে থেমে
অতল বিরহে নেমে গেছে থেমে
আজি পুবের হাওয়ায় হাওয়ায় হায় হায় হায় রে
কাঁপন ভেসে চলে।।
নিবিড় সুখে মধুর দুখে জড়িত ছিল সেই দিন–
দুই তারে জীবনের বাঁধা ছিল বীন।
তার ছিঁড়ে গেছে কবে একদিন কোন্‌ হাহারবে
সুর হারায়ে গেল পলে পলে।।",bn,bn,Ekhono Otheni Chand,রবীন্দ্র সংগীত,আমার যে দিন ভেসে গেছে,BanglaSongLyrics.csv
bn_audio_79edf3a83abd,data/audio/12. Khama Karo Moore.mp3,"মন চলো নিজ নিকেতনে
সংসার বিদেশে বিদেশীর বেশে
ভ্রম কেন অকারণে
মন চলো নিজ নিকেতনে।
বিষয়-পঞ্চক আর ভূতগণ
সব তোর পর কেহ নয় আপন
পরপ্রেমে কেন হয়ে অচেতন
ভুলিছ আপনজনে
মন চলো নিজ নিকেতনে।
সত্যপথে মন কর আরোহণ,
প্রেমের আলো জ্বালি চল অনুক্ষণ
সঙ্গেতে সম্বল রাখো পূণ্যধন
গোপনে অতি যতনে
লোভ-মোহাদি পথে দস্যুগণ,
পথিকের করে সর্বস্ব সমশন
পরম যতনে রাখোরে প্রহরী
শম,দম দুইজনে
মন চলো নিজ নিকেতনে।
সাধুসঙ্গ নামে আছে পান্থধাম,
শ্রান্ত হলে তথায় করিবে বিশ্রাম
পথভ্রান্ত হলে শুধাইবে পথ সে
পান্থনিবাসী গণে।
যদি দেখ পথে ভয়েরই আকার
প্রাণপণে দিও দোহাই রাজার
সে পথে রাজার প্রবল প্রতাপ,
শমণ ডরে যার শাসনে।
মন চলো নিজ নিকেতনে।
সংসার বিদেশে বিদেশীর বেশে
ভ্রম কেন অকারণে।",bn,bn,Khama Karo Moore,ভক্তিমূলক গান,মন চল নিজ নিকেতনে,BanglaSongLyrics.csv
bn_audio_4f8d2175083b,data/audio/13 - Pousher Kachhakachhi.mp3,"কান্নাহাসির-দোল-দোলানো পৌষ-ফাগুনের পালা,
তারি মধ্যে চিরজীবন বইব গানের ডালা–
এই কি তোমার খুশি, আমায় তাই পরালে মালা
           সুরের-গন্ধ-ঢালা?।
তাই কি আমার ঘুম ছুটেছে, বাঁধ টুটেছে মনে,
খ্যাপা হাওয়ার ঢেউ উঠেছে চিরব্যথার বনে,
কাঁপে আমার দিবানিশার সকল আঁধার আলা!
এই কি তোমার খুশি, আমায় তাই পরালে মালা
           সুরের-গন্ধ-ঢালা?।
রাতের বাসা হয় নি বাঁধা দিনের কাজে ত্রুটি,
বিনা কাজের সেবার মাঝে পাই নে আমি ছুটি।
শান্তি কোথায় মোর তরে হায় বিশ্বভুবন-মাঝে,
অশান্তি যে আঘাত করে তাই তো বীণা বাজে।
নিত্য রবে প্রাণ-পোড়ানো গানের আগুন জ্বালা–
এই কি তোমার খুশি, আমায় তাই পরালে মালা
           সুরের-গন্ধ-ঢালা?।",bn,bn,Pousher Kachhakachhi,রবীন্দ্র সংগীত,কান্নাহাসির-দোল-দোলানো পৌষ-ফাগুনের পালা,BanglaSongLyrics.csv
bn_audio_59b0cff9d2d5,data/audio/13. Oi Maloti Lata.mp3,"হারানো দিনকে যদি ফিরে আমি পাই
তোমাকে আর ফিরাবো না
দু:খ",bn,bn,Oi Maloti Lata,আধুনিক,হারানো দিনকে যদি ফিরে আমি পাই,BanglaSongLyrics.csv
bn_audio_e01a2df9e309,data/audio/13. Tabo Gaaner Bhasay.mp3,"একটু ফিরে দেখ একটা কথা রাখ
ভালবেসে একবার আমায় বউ বলে ডাক।।
কতদূর যায় পাখী উড়ে
আবার তো ফিরে আসে নীড়ে
আমি তেমনি আজ বিরহী পাখী ।।
তোমার ছায়া নীড়ে তুলে নাও গো 
সোহাগে আদরে জীবনে আমারে ভরে দাও গো
এই শোনো না …
একটু ফিরে দেখ একটা কথা রাখ
ভালবেসে একবার আমায় বউ বলে ডাক।।
কত পথ পার হয়ে এসে
সাগরে্র বুকে নদী মেশে
আমি তেমনি আজ পিয়াসী নদী ।।
তোমার সাগর বুকে তুলে নাও গো
জীবনে মরণে তোমারই চরণে ঠাই দাও গো
এই শোনো না …।।
একটু ফিরে দেখ একটা কথা রাখ
ভালবেসে একবার আমায় বউ বলে ডাক।।",bn,bn,Tabo Gaaner Bhasay,ছায়াছবি,একটু ফিরে দেখো,BanglaSongLyrics.csv
bn_audio_4215196ce477,data/audio/14 - Shawno Rate Jadi.mp3,"তোমাকে পেয়েছি আমার এই জীবনে
ভালোবেসে নেবো তাই বুকে জড়িয়ে
তুমি মিশে আছ আমারই মনেপ্রাণে
এস না হৃদয়ের গহীনে
ও ও ও ও ও
তুমি ছাড়া নেই তো আমার সুখের আর কেউ
তোমারই মত এমন ও করে ভালবাসবে কে বলো
তুমি ছাড়া নেই তো আমার সুখের আর কেউ
তোমারই মত এমন ও করে ভালবাসবে কে বলো
ভিজে যাব দুজনাই ভালবাসারই জলে
জলধারা কোনো শ্রাবণ ও দিনে
ভিজে যাব দুজনাই ভালবাসারই জলে
জলধারা কোনো শ্রাবণ ও দিনে
এত সুখ এত দিনে তুমি দিলেগো আমায়
বাচঁবনা কখনো ছেড়ে থাকতে তোমায়
তুমি ছাড়া নেই তো আমার সুখের আর কেউ
তোমারই মত এমন ও করে ভালবাসবে কে বলো
তুমি ছাড়া নেই তো আমার সুখের আর কেউ
তোমারই মত এমন ও করে ভালবাসবে কে বলো
দুটি হৃদয় মিশে গেল ভালবাসার মিলনে
চায়না কিছু তুমি হিনা জীবনে
এত সুখ এত দিনে তুমি দিলেগো আমায়
বাচঁবনা কখনো ছেড়ে থাকতে তোমায়
তুমি ছাড়া নেই তো আমার সুখের আর কেউ
তোমারই মত এমন ও করে ভালবাসবে কে বলো
তুমি ছাড়া নেই তো আমার সুখের আর কেউ
তোমারই মত এমন ও করে ভালবাসবে কে বলো",bn,bn,Shawno Rate Jadi,আধুনিক,তুমি ছাড়া,BanglaSongLyrics.csv
bn_audio_d82c2778a7be,data/audio/14. Tumi Amer Sokhal Belar Pakhi.mp3,"সেই রেল লাইনের ধারে মেঠো পথটার পাড়ে দাড়িয়ে
এক মধ্যবয়সী নারী এখনো রয়েছে হাত বাড়িয়ে
খোকা ফিরবে,ঘরে ফিরবে
কবে ফিরবে,নাকি ফিরবে না ।
দৃষ্টি থেকে তার বৃষ্টি গেছে কবে শুকিয়ে
সে তো অশ্রু মুছেনা আর গোপনে আঁচলে মুখ লুকিয়ে
শুধু শূণ্যে চেয়ে থাকে যেন আকাশের সীমা ছাড়িয়ে
খোকা ফিরবে,ঘরে ফিরবে
কবে ফিরবে,নাকি ফিরবে না ।
দস্যি ছেলে সেই যুদ্ধে গেল ফিরলো না আর
আজো শূণ্য হৃদয়ে তার গুমড়ে গুমড়ে যায় হাহাকার
খোকা আসবে,ঘরে আসবে যেন মরণের সীমা ছাড়িয়ে
খোকা ফিরবে,ঘরে ফিরবে
কবে ফিরবে,নাকি ফিরবে না ।",bn,bn,Tumi Amer Sokhal Belar Pakhi,দেশাত্মবোধক গান,সেই রেল লাইনের ধারে মেঠো পথটার পাড়ে দাড়িয়ে,BanglaSongLyrics.csv
bn_audio_3041b4492687,data/audio/14. Tumra Hasia.mp3,"অঞ্জলি লহ মোর সংগীতে
প্রদীপ-শিখা সম কাঁপিছে প্রাণ মম
তোমায়, হে সুন্দর, বন্দিতে!
সঙ্গীতে সঙ্গীতে।।
তোমার দেবালয়ে কি সুখে কি জানি
দু’লে দু’লে ওঠে আমার দেহখানি
আরতি-নৃত্যের ভঙ্গীতে।
সঙ্গীতে সঙ্গীতে।।
পুলকে বিকশিল প্রেমের শতদল
গন্ধে রূপে রসে টলিছে টলমল।
তোমার মুখে চাহি আমার বাণী যত
লুটাইয়া পড়ে ঝরা ফুলের মতো
তোমার পদতলে রঞ্জিতে।
সঙ্গীতে সঙ্গীতে।।",bn,bn,Tumra Hasia,নজরুল গীতি,অঞ্জলি লহ মোর,BanglaSongLyrics.csv
bn_audio_d154784a4e68,data/audio/15 - Teer Bhanga Dheu.mp3,"কি আশাতে চলে গেছো
কি সে ছিলো স্বপ্ন আমার
সেই আশা কি হয়েছে পুরণ তোমার
ভালোবাসা  নিবিড় বাধন
বন্য সুখে হারালে ফাগুন
সুখ কেনো আজ হয়েছে অসুখ আমার
এখন তুমি সুখে নেই।
সুখী কোন কারণেই তুমি হতে পারো না 
অধরা সেই সুখ খুজে
দিয়েছো তুমি ভেঙ্গে আমায়
করলে অসহায় এই আমায়
কেনো সে তোমায় দুঃখ দিলো
সে কি মোর অভিশাপ ছিলো
ভরে গেলে কেনো আজ অপুর্ণতায়
এখন তুমি সুখে নেই।
সুখী কোন কারণেই তুমি হতে পারো না 
কেনো আমি আজ আসবনা
দেবোনা তোমায় যন্ত্রনা
ভাংবনা তোমাকে আঘাতে
তারাভরা আকাশে তোমার
জ্বালাবো আগুন বেদনার
বুঝবে তবে কি কষ্ট আমার
এখন তুমি সুখে নেই।
সুখী কোন কারণেই তুমি হতে পারো না",bn,bn,Teer Bhanga Dheu,ব্যান্ড,তুমি সুখে নেই,BanglaSongLyrics.csv
bn_audio_e150f88e6fd6,data/audio/15. Amar Din.mp3,"পাখি খাঁচা ভেঙে উড়ে গেলে হবে অচেনা।
এই মাটির মায়া মিছে কায়া, কিছুই রবে না।।
*** সমন জারী রবে না বাহাদুরী 
এসেছিস বাদশা হয়ে ফিরে যাবি দিন ভিখারী।
হিসাবের ষোল আনা বোঝাতে হবে মনা।
মহাজন নইলে তোরে খালাস দিবে না।।
বেচেও আছি মরে কী হবে নালিশ করে
মানুষকে কাঁদায় মানুষ এ বিধান কোন বিচারে।
দুনিয়ার বালা খানা হবে রে ফানাফানা।
সাথে ঐ কাফন ছাড়া কিছুই যাবে না।।",bn,bn,Amar Din,বাউল,পাখি খাঁচা ভেঙে উড়ে গলে,BanglaSongLyrics.csv
bn_audio_2d45ad9f9197,data/audio/15. Oi Rangamathir Pothe.mp3,"হৃদয়ের একলা প্রান্তরে স্বপ্নের চিবুক ধরে
অনন্ত একাকী পড়ে আছি এই আমি
অন্ধকার বানী হাল টানে রে।
আমার রাতের শয্যা শুধু বিষাদের চাদর
ও কান্না, প্রজাপতি খুশীরা বিবাগী এখন।
বিষণ্ণ বহু বিকেলে ধু ধু যমুনার বুকে
ঝিঝির কোরাসে-
বেজে ওঠে মেলোডি বেদনার বালুচরে। 
জীবনের এই অ্যালবামে বিবর্ণ বহু ছবিতে
রঙ্গিন দিন গুলো-
সাদা কালো হয়ে গেছে তোমায় না পেয়ে।",bn,bn,Oi Rangamathir Pothe,ব্যান্ড,হৃদয়ের একলা প্রান্তরে,BanglaSongLyrics.csv
bn_audio_b0acfd0ac465,data/audio/16. Oli Bar Bar.mp3,"বাকি আমি রাখব না কিছুই
তোমার চলার পথে পথে ছেয়ে দেব ভূঁই।।
ওগো মোহন, তোমার উত্তরীয়
গন্ধে আমার ভরে নিয়ো
উজাড় করে দেব পায়ে বকুল বেলা জুঁই।।
দখিনসাগর পার হয়ে-যে
এলে পথিক তুমি।
আমার  সকল দেব অতিথিরে আমি বনভূমি।
আমার  কুলায়-ভরা রয়েছে গান
সব তোমারেই করেছি দান
দেবার কাঙাল করে আমায়
চরণ যখন ছুঁই।।",bn,bn,Oli Bar Bar,রবীন্দ্র সংগীত,বাকি আমি রাখব না কিছুই,BanglaSongLyrics.csv
bn_audio_4ed9c6656e63,data/audio/16. Sukno Pater Nupur.mp3,"সে যে পাশে এসে বসেছিল তবু জাগি নি।
কী ঘুম তোরে পেয়েছিল হতভাগিনী।
এসেছিল নীরব রাতে, বীণাখানি ছিল হাতে,
স্বপনমাঝে বাজিয়ে গেল গভীর রাগিণী।
জেগে দেখি দখিন-হাওয়া পাগল করিয়া
গন্ধ তাহার ভেসে বেড়ায় আঁধার ভরিয়া।
কেন আমার রজনী যায়–
কাছে পেয়ে কাছে না পায়
কেন গো তার মালার পরশ
বুকে লাগি নি।",bn,bn,Sukno Pater Nupur,রবীন্দ্র সংগীত,সে যে পাশে এসে বসেছিল,BanglaSongLyrics.csv
bn_audio_d2bee0cd4863,data/audio/17. Akash Bhara.mp3,"কিছুই নাকি দেইনি তোমায়
বলো কে করেছে নিঃস্ব আমায়।
প্রেমেরই এক বৃন্দাবনে ছিলাম রাজা
তুমি ছিলে প্রেমে উদাস দুঃখিনি এক প্রজা
তোমায় সুখে রাখতে গিয়ে
খাজনাবিহীন থাকতে দিয়ে
রাজ্য গেল হায়।।
রাজকোষে জমা করে রেখেছি যা আমি
রাখিনি কিছুই যে তার দিয়েছি তো সবই
তোমার ঘরে আলো দিতে
প্রাসাদ আমার সেদিন থেকে
আঁধার হলো হায়।।",bn,bn,Akash Bhara,আধুনিক,কিছুই নাকি দেইনি তোমায়,BanglaSongLyrics.csv
bn_audio_5a9350466b09,data/audio/18. Amar Praner Manush.mp3,"ছিল মুঘল অহংকার
দিক জয়ী ছলেবলে
করে ভারত অধিকার
গড়ে কীর্তি বহুকালের
একদিন দেখে দুদিকে তার
আছে প্রান্ত ছুয়ে নীলিমা
ঝরে ঝরনা সবুজে অবিরাম
যে জাতি করেনি কো প্রনাম
সোনারগায়ের ও খিজিরপুর
দুর্গে  গড়া কদম রসুল
লক্ষী নদীর পাড়ে
গড়ে তোলে প্রতিরোধ ঈশা খা
ঘোরা ছুটিয়ে বীর সেনাদল
ভেঙ্গে দিয়েছে স্বপ্ন যে তার
দিল্লীর মস্ নদ ভিত কাপায়ে এলে ঈশা খা
মুঘল সুবেদার শাফ ওয়াত খা
করে এগারসিন্ধু দখল
ভাওয়াল এর প্রান্ত রুখে চলে
বাংলার বীর সেনাদল(২)
বাধে যুদ্ধ লড়ে ঈশা খা
মুঘল বাহিনীর ত্রাহি দশা
বীর বিজয়ী বীর সে গাথা জানো কি 
সম্রাট আকবর
ক্রোধে তেড়ে আসে মান্ সিনহের বাহিনী
৫ সেপ্টেম্বর মুঘল রণতরী(২)
ঘিরে বাংলার সেনানী
বাধে যুদ্ধ লড়ে ঈশা খা
মুঘল বাহিনীর ত্রাহি দশা
বীর বিজয়ী বীর সে গাথা জানো কি",bn,bn,Amar Praner Manush,ব্যান্ড,ঈশা খা,BanglaSongLyrics.csv
bn_audio_4f2894384e6f,data/audio/19. Ami Jene Shune.mp3,"কি নামে ডেকে বলবো তোমাকে
মন্দ করেছে আমাকে ঐ দুটি চোখে।
আমি যে মাতাল হাওয়ারই মত হয়ে
যেতে যতে পায়ে পায়ে গেছি জড়িয়ে।
কি করি ভেবে যে মরি বলবে কি লোকে
মন্দ করেছে আমাকে ঐ দুটি চোখে।।
পালাতে পারি নি আমি যে দিশাহারা
দুটি চোখ যেন আমায় দিচ্ছে পাহারা।
ধরা পড়ে গেছি আমি নিজেরই কাছে
জানি না তোমার মনেও কি এত প্রেম আছে।
সত্যি যদি হয় বলুক যা বলছে নিন্দুকে
মন্দ করেছে আমাকে ঐ দুটি চোখে।।",bn,bn,Ami Jene Shune,আধুনিক,কি নামে ডেকে বলবো তোমাকে,BanglaSongLyrics.csv
bn_audio_a647398425ca,data/audio/20. Aaj Swasna Rate.mp3,"এই রুপালি গিটার ফেলে
একদিন চলে যাব দুরে, বহুদূরে
সেদিন অশ্রু তুমি রেখো
গোপন করে।
মনে রেখো তুমি
কত রাত কত দিন
শুনিয়েছি গান আমি, ক্লান্তিবিহীন
অধরে তোমার ফোঁটাতে হাসি
চলে গেছি শুধু
সুর থেকে কত সুরে।
এই রুপালি গিটার ফেলে
একদিন চলে যাব দুরে, বহুদূরে
সেদিন অশ্রু তুমি রেখো
গোপন করে।
শুধু ভেবো তুমি
অপরাধ ছিল কার
কাটিয়েছি রাত তবু, নিদ্রাবিহীন
বেদনা আমার হয়েছে সাথী
চলে গেছি আমি
কোনো স্মৃতি পুরে।
এই রুপালি গিটার ফেলে
একদিন চলে যাব দুরে, বহুদূরে
সেদিন অশ্রু তুমি রেখো
গোপন করে।",bn,bn,Aaj Swasna Rate,ব্যান্ড,এই রুপালী গিটার,BanglaSongLyrics.csv
bn_audio_d378cbaf2ebe,"data/audio/21. Ei Korechha Bhalo, Nithur He.mp3","আমি না অন্যকেউ নিয়ে যায় তোমায়
যেখানে অবিরত ভেঙে পড়ে সময়;
আমি না অন্যকেউ নীরবে বাঁচে
রক্তসিদুঁর আঁকে যেথা নবআশা;
আমি না অন্যকেউ নিয়ে যায়
আমার কন্ঠ হতে প্রতিবাদ প্রলয়।
তুমি না অন্যকেউ মোর শয্যাতে
জেগে দেখি পূব কোনে তমসা ক্ষয়
তুমি না অন্যকেউ ফিরে আসে আর
ডেকে তোলে বৃত্তবন্দী মন।
সঙ্গী তুমি সোনালী ভোরে অজানা কোনো আলো
আলোয় ভরা আনন্দলোকে নিঃস্ব প্রাতে চলো
তবু জেগে উঠো, বেঁচে উঠো, গেয়ে উঠো আমার এ গান-
তুমি না অন্যকেউ শিয়রে কাঁদে, অধরা ছায়া শূন্যমাঝে ভেঙে পড়ে
তুমি না অন্যকেউ মেলে দেয়
ভোরের আকাশে সোনালীডানা চিল।
যাবে কি তুমি মোর সাথে?
আকাশ উর্ধ্বে ঐ নীল মাঝে,
যেথা অন্ধ বিশ্ব খোঁজে তোমাকে
যাবে কি তুমি মোর সাথে?",bn,bn,"Ei Korechha Bhalo, Nithur He",ব্যান্ড,অন্যকেউ,BanglaSongLyrics.csv
bn_audio_121b5f983425,data/audio/22. Dakichha Suni Jaginu Prabhu.mp3,"চিঠি দিও প্রতিদিন, চিঠি দিও।
নইলে থাকতে পারবো না।।
চিঠিগুলো অনেক বড় হবে
পড়তে পড়তে সকাল দুপুর আর রাত্রি চলে যাবে।
কোথায় থাকো কেমন থাকো
একে একে সবই লিখো
সেই তো হবে মোর সান্তনা
নইলে থাকতে পারবো না।।
যে কটা দিন চোখের আড়াল রবো
শয়নে স্বপনে জাগরণে শুধু তোমায় ভেবে যাবো।
আমার আমি তোমার মাঝে চিরতরে হারিয়ে গেছি
বন্ধু তুমি মোর সাধনা
নইলে থাকতে পারবো না।।",bn,bn,Dakichha Suni Jaginu Prabhu,ছায়াছবি,চিঠি দিও প্রতিদিন,BanglaSongLyrics.csv
bn_audio_892aed7a0f76,data/audio/23. Tomarei Koriyachhi Jiboner.mp3,"ওরা অকারণে চঞ্চল।
ডালে ডালে দোলে বায়ু হিল্লোলে নব পল্লবদল।।
ছড়ায়ে ছড়ায়ে ঝিকিমিকি আলো
দিকে দিকে ওরা কী খেলা খেলালো
মর্মরতানে প্রাণে ওরা আনে কৈশোর কোলাহাল।।
ওরা কান পেতে শোনে গগনে গগনে
নীরবের কানাকানি
নীলিমার কোন্‌ বাণী।
ওরা প্রাণঝরনার উচ্ছল ধার
ঝরিয়া ঝরিয়া বহে অনিবার
চির তাপসিনী ধরণীর ওরা শ্যাম শিখা হোমানল।।",bn,bn,Tomarei Koriyachhi Jiboner,রবীন্দ্র সংগীত,ওরা অকারণে চঞ্চল,BanglaSongLyrics.csv
bn_audio_468697edc19d,data/audio/24. Jibone Amar Jato Ananda.mp3,"কোথায় আলো, কোথায় ওরে আলো!
বিরহানলে জ্বালো রে তারে জ্বালো।
রয়েছে দীপ না আছে শিখা
এই কি ভালে ছিল রে লিখা
ইহার চেয়ে মরণ সে যে ভালো।
বিরহানলে প্রদীপখানি জ্বালো।
বেদনাদূতী গাহিছে, “ওরে প্রাণ
তোমার লাগি জাগেন ভগবান।
নিশীথে ঘন অন্ধকারে
ডাকেন তোরে প্রেমাভিসারে
দু:খ দিয়ে রাখেন তোর মান।
তোমার লাগি জাগেন ভগবান।
গগনতল গিয়েছে মেঘে ভরি
বাদল-জল পড়িছে ঝরি ঝরি।
এ ঘোর রাতে কিসের লাগি
পরান মম সহসা জাগি
এমন কেন করিছে মরি মরি।
বাদল-জল পড়িছে ঝরি ঝরি।
বিজুলি শুধু ক্ষণিক আভা হানে
নিবিড়তর তিমির চোখে আনে।
জানি না কোথা অনেক দূরে
বাজিল প্রাণ গভীর সুরে,
সকল গান টানিছে পথপানে।
নিবিড়তর তিমির চোখে আনে।
কোথায় আলো, কোথায় ওরে আলো!
বিরহানলে জ্বালো রে তারে জ্বালো।
ডাকিছে মেঘ, হাঁকিছে হাওয়া
সময় গেলে হবে না যাওয়া
নিবিড় নিশা নিকষঘন কালো।
পরান দিয়ে প্রেমের দীপ জ্বালো।",bn,bn,Jibone Amar Jato Ananda,রবীন্দ্র সংগীত,কোথায় আলো কোথায় ওরে আলো,BanglaSongLyrics.csv
bn_audio_af3e2534e4bf,data/audio/25. Tomar Dware Keno.mp3,"শনি গেল বন্ধু রবি গেল
গেল রে দিন মাস বছর।
কেমন আছি আমি চিঠি দিয়াও
তুই নিলি না একটাও খবর
আমি কেমন আসি বন্ধু চিঠি দিয়াও
তুই নিলি না একটাও খবর।।
কত সোহাগে সোহাগ করে
ওরে পুরানো বন্ধুর সনে
শুধু শান্তি নাই আমার মনে।
নয়ন জলে কত লিখলাম চিঠি
তুই দিলি না একটাও উত্তর
হায় নয়ন জলে কত লিখলাম চিঠি
বন্ধু দিলি না একটাও উত্তর।।
আমি আভাগী দিন রাতি
প্রেমের আগুনে যে জ্বলি
হায় এই দুঃখ কারে বলি।
কত সুখী আমি আছি বন্ধু
দেখে যা একটা নজর
হায় কত সুখী আমি আছি বন্ধু
তুই দেখে যা একটা নজর।।",bn,bn,Tomar Dware Keno,আধুনিক,শনি গেল বন্ধ রবি গেল,BanglaSongLyrics.csv
bn_audio_15ec81f66585,data/audio/26. Baje Baje Ramyabeena Baje.mp3,"যেখানেই থাকো,
যেভাবেই থাকো,
যেখানেই থাকো,
যেভাবেই থাকো,
ছন্নছাড়া দুঃখের ভোরে
এক চিলতে রোদের ভিড়ে
পত্র দিও… পত্র দিও… পত্র দিও …
নিজের প্রতি যত্ন নিও… যত্ন নিও…
দুপুর বেলার আলসেমিতে
পুরনো দিনের ভাবনা এলে
তুখোড় কোন গল্পের ফাঁকে
মনে পরে গেলে এই আমাকে
ছন্নছাড়া দুঃখের ভোরে
এক চিলতে রোদের ভিড়ে
পত্র দিও… পত্র দিও… পত্র দিও…
নিজের প্রতি যত্ন নিও… যত্ন নিও…
বৃষ্টির রাতে একলা ঘরে
ভেজা হাওয়ার পরশ পেয়ে
ঘুম ভেঙ্গে উঠে উদাসী হলে
মনে পরে গেলে এই আমাকে
ছন্নছাড়া দুঃখের ভোরে
এক চিলতে রোদের ভিড়ে
পত্র দিও… পত্র দিও… পত্র দিও…
নিজের প্রতি যত্ন নিও… যত্ন নিও…
যেখানেই থাকো,
যেভাবেই থাকো,
যেখানেই থাকো,
যেভাবেই থাকো,
ছন্নছাড়া দুঃখের ভোরে
এক চিলতে রোদের ভিড়ে…
নিজের প্রতি যত্ন নিও………………….",bn,bn,Baje Baje Ramyabeena Baje,ব্যান্ড,পত্র দিও,BanglaSongLyrics.csv
bn_audio_6f3648cda722,data/audio/27. Uriye Dhwaja Abharabhedi.mp3,"যতক্ষণ তুমি আমায় বসিয়ে রাখ বাহির-বাটে
ততক্ষণ গানের পরে গান গেয়ে মোর প্রহর কাটে।।
যবে শুভক্ষণে ডাক পড়ে সেই ভিতর-সভার মাঝে
এ গান লাগবে বুঝি কাজে
তোমার সুরের রঙের রঙিন নাটে।।
তোমার ফাগুনদিনের বকুল চাঁপা, শ্রাবণদিনের কেয়া,
তাই দেখে তো শুনি তোমার কেমন যে তান দে’য়া।
আমি উতল প্রাণে আকাশ-পানে হৃদয়খানি তুলি
বীণায় বেঁধেছি গানগুলি
তোমার সাঁঝ-সকালের সুরের ঠাটে।।",bn,bn,Uriye Dhwaja Abharabhedi,রবীন্দ্র সংগীত,যতক্ষণ তুমি আমায় বসিয়ে রাখ বাহির-বাটে,BanglaSongLyrics.csv
bn_audio_cf8984e6f8cc,data/audio/28. Otho Otho Re-Biphale Prabhat.mp3,"দুঃস্বপ্নের শেষ সীমানায়, চমকে ঘুম ভেঙ্গে যায়
জেগে দেখি তুমি পাশে নাই, চোখ পড়ে খোলা জানালায়
জোছনায় আলো নেই আর, হতাশার কালো আঁধার
নির্বাক রয় ধরণী, দুঃখ যেনো আমারি
এক ঝিম ধরা দিবা স্বপনে
আনাগোনা সন্দেহে
আমি একা মেতে উঠি
পুণ্যে বিকশিত
পাপের খেলায়, কারাগারের অবহেলায়
পচন ধরে মনে, শরীরে
কবে আসবে ফিরে ভালোবাসা
কবে আসবে ফিরে ভালোবাসা
জীবনের সব আশায়, হতাশার আলিঙ্গনে
ঘুণে ধরা স্বপ্নগুলো, সব যেনো এলোমেলো
স্মৃতি নিয়ে আমি একা, ভাসমান এই জীবন
তাই বুঝি বেঁচে থাকা, জানিনা শেষ কোথায়
এক গোলক ধাঁধাঁয় আটকে পড়া, অবনত হৃদয়ে
দিশেহারা ছুটি আমি, রাতের আলোকিত, নগর প্রণয়, ভালোবাসার
প্রতারণায়, পচন ধরা বিশ্বাসে, আশায়….
কবে আসবে ফিরে ভালোবাসা
কবে আসবে ফিরে ভালোবাসা",bn,bn,Biphale Prabhat,ব্যান্ড,প্রতীক্ষা,BanglaSongLyrics.csv
bn_audio_ce253d3fb706,data/audio/29. Ami Achhi Tomar Sabhar.mp3,"আমার স্বপ্ন যে সত্যি হলো আজ
কাছে এলো এতদিন দূরে ছিল যে
রঙ্গে  রঙ্গে এ-জীবন ভরে দিল সে 
পাখি আর ভ্রমেরর ভাষাতে
ভরে গেছি শুধু আলো আশাতে
আজ মন জাগে যেন ভালবাসাতে 
কাছে থাকো কথা রাখো নয় ভোল লাজ
আমার স্বপ্ন যে সত্যি হলো আজ ।।
আকশের রঙ ঐ নিলাভ
এত খুশি কাকে আর বিলাবো
আজ তুমি আমি একই সুরে মিলাবো
মন ভুলে সুর দোলায় তুমি দোলো আজ
আমার স্বপ্ন যে সত্যি হলো আজ ।।
স্বপ্নেরই মায়াজাল গুনে যে
দিন ক্ষন গেছে কাল গুণিতে
আজ এলে তুমি এই ফাল্গুনে যে
কাছে এসে ভালবেসে মুখ তোলো আজ
আমার স্বপ্ন যে সত্যি হলো আজ
কাছে এলো এতদিন দূরে ছিল যে
রঙ্গে  রঙ্গে এ-জীবন ভরে দিল সে 
আমার স্বপ্ন যে সত্যি হলো আজ",bn,bn,Ami Achhi Tomar Sabhar,ছায়াছবি,আমার স্বপ্ন যে সত্যি হলো আজ,BanglaSongLyrics.csv
bn_audio_21b2a6b78ae8,data/audio/30. Pratidin Tabo Gatha Gabo.mp3,"আছেন কোথায় স্বর্গপুরে কেউ নাহি সন্ধান জানে
কেন জিজ্ঞাসিলে খোদার কথা দেখায় আসমানে?
আছেন কোথায় স্বর্গপুরে কেউ নাহি সন্ধান জানে
কেন জিজ্ঞাসিলে খোদার কথা দেখায় আসমানে?
জিজ্ঞাসিলে খোদার কথা দেখায় আসমানে
পৃথিবী গোলাকার শুনি-অহর্নিশি ঘোরে আপনি
তাইতে হয়,তাইতে হয় দিন-রজনী,
জ্ঞানী-গুনী তাই মানে
কেন জিজ্ঞাসিলে খোদার কথা দেখায় আসমানে?
জিজ্ঞাসিলে খোদার কথা দেখায় আসমানে
আরেকদিকে নিশি হলে অন্যদিকে দিবা বলে
একদিকে নিশি হলে অন্যদিকে দিবা বলে
আকাশতো দেখে সকলে,খোদা দেখে কয়জনে?
কেন জিজ্ঞাসিলে খোদার কথা দেখায় আসমানে?
জিজ্ঞাসিলে খোদার কথা দেখায় আসমানে।
আপন ঘরে কে কথা কয় না জেনে আসমানে তাকায়
লালন বলে
লালন বলে কেবা কোথায় বুঝিবে দিব্যজ্ঞানে
কেন জিজ্ঞাসিলে খোদার কথা দেখায় আসমানে?
আছেন কোথায় স্বর্গপুরে কেউ নাহি সন্ধান জানে
কেন জিজ্ঞাসিলে খোদার কথা দেখায় আসমানে?
জিজ্ঞাসিলে খোদার কথা দেখায় আসমানে।",bn,bn,Pratidin Tabo Gatha Gabo,লালন,কেন জিজ্ঞাসিলে খোদার কথা,BanglaSongLyrics.csv
